entity_id,type,name,source_ids,chunk_ids
drawing:DRW-100-A,DRAWING,DRW-100-A,ECO-001,chunk:ECO-001:000
drawing:DRW-100-B,DRAWING,DRW-100-B,ECO-003,chunk:ECO-003:000
drawing:DRW-101-B,DRAWING,DRW-101-B,ECO-002,chunk:ECO-002:000
drawing:DRW-101-C,DRAWING,DRW-101-C,ECO-008,chunk:ECO-008:000
drawing:DRW-102-A,DRAWING,DRW-102-A,ECO-004,chunk:ECO-004:000
drawing:DRW-103-C,DRAWING,DRW-103-C,ECO-005,chunk:ECO-005:000
drawing:DRW-104-A,DRAWING,DRW-104-A,ECO-006,chunk:ECO-006:000
drawing:DRW-106-A,DRAWING,DRW-106-A,ECO-009,chunk:ECO-009:000
drawing:DRW-107-B,DRAWING,DRW-107-B,ECO-010,chunk:ECO-010:000
drawing:DRW-108-A,DRAWING,DRW-108-A,ECO-011,chunk:ECO-011:000
drawing:DRW-109-B,DRAWING,DRW-109-B,ECO-012,chunk:ECO-012:000
eco:ECO-001,ECO_CHANGE,ECO-001,ECO-001,chunk:ECO-001:000
eco:ECO-002,ECO_CHANGE,ECO-002,ECO-002,chunk:ECO-002:000
eco:ECO-003,ECO_CHANGE,ECO-003,ECO-003,chunk:ECO-003:000
eco:ECO-004,ECO_CHANGE,ECO-004,ECO-004,chunk:ECO-004:000
eco:ECO-005,ECO_CHANGE,ECO-005,ECO-005,chunk:ECO-005:000
eco:ECO-006,ECO_CHANGE,ECO-006,ECO-006,chunk:ECO-006:000
eco:ECO-007,ECO_CHANGE,ECO-007,ECO-007,chunk:ECO-007:000
eco:ECO-008,ECO_CHANGE,ECO-008,ECO-008,chunk:ECO-008:000
eco:ECO-009,ECO_CHANGE,ECO-009,ECO-009,chunk:ECO-009:000
eco:ECO-010,ECO_CHANGE,ECO-010,ECO-010,chunk:ECO-010:000
eco:ECO-011,ECO_CHANGE,ECO-011,ECO-011,chunk:ECO-011:000
eco:ECO-012,ECO_CHANGE,ECO-012,ECO-012,chunk:ECO-012:000
equipment:ASSEMBLY-01,EQUIPMENT,ASSEMBLY-01,ECO-006,chunk:ECO-006:000
equipment:ASSEMBLY-02,EQUIPMENT,ASSEMBLY-02,ECO-010,chunk:ECO-010:000
equipment:MILL-01,EQUIPMENT,MILL-01,ECO-007,chunk:ECO-007:000
equipment:MILL-02,EQUIPMENT,MILL-02,ECO-002|ECO-008,chunk:ECO-002:000|chunk:ECO-008:000
equipment:PRESS-01,EQUIPMENT,PRESS-01,ECO-001|ECO-003,chunk:ECO-001:000|chunk:ECO-003:000
equipment:PRESS-02,EQUIPMENT,PRESS-02,ECO-004|ECO-009,chunk:ECO-004:000|chunk:ECO-009:000
equipment:PRESS-03,EQUIPMENT,PRESS-03,ECO-005|ECO-011,chunk:ECO-005:000|chunk:ECO-011:000
impact:ECO-001,CHANGE_IMPACT,금형 CAV-01 보강,ECO-001,chunk:ECO-001:000
impact:ECO-002,CHANGE_IMPACT,홀 직경 변경,ECO-002,chunk:ECO-002:000
impact:ECO-003,CHANGE_IMPACT,이젝터 위치 변경,ECO-003,chunk:ECO-003:000
impact:ECO-004,CHANGE_IMPACT,리브 두께 변경,ECO-004,chunk:ECO-004:000
impact:ECO-005,CHANGE_IMPACT,모서리 R 변경,ECO-005,chunk:ECO-005:000
impact:ECO-006,CHANGE_IMPACT,스프링 접점 변경,ECO-006,chunk:ECO-006:000
impact:ECO-007,CHANGE_IMPACT,가이드 각도 변경,ECO-007,chunk:ECO-007:000
impact:ECO-008,CHANGE_IMPACT,체결 토크 기준 변경,ECO-008,chunk:ECO-008:000
impact:ECO-009,CHANGE_IMPACT,클립 위치 변경,ECO-009,chunk:ECO-009:000
impact:ECO-010,CHANGE_IMPACT,실링 폭 변경,ECO-010,chunk:ECO-010:000
impact:ECO-011,CHANGE_IMPACT,두께 공차 변경,ECO-011,chunk:ECO-011:000
impact:ECO-012,CHANGE_IMPACT,기준면 변경,ECO-012,chunk:ECO-012:000
part:P-100,PART,후면 하우징,ECO-001|ECO-003,chunk:ECO-001:000|chunk:ECO-003:000
part:P-101,PART,카메라 브래킷,ECO-002|ECO-008,chunk:ECO-002:000|chunk:ECO-008:000
part:P-102,PART,힌지 커버,ECO-004,chunk:ECO-004:000
part:P-103,PART,배터리 트레이,ECO-005,chunk:ECO-005:000
part:P-104,PART,사이드 키,ECO-006,chunk:ECO-006:000
part:P-105,PART,USB 가이드,ECO-007,chunk:ECO-007:000
part:P-106,PART,안테나 캐리어,ECO-009,chunk:ECO-009:000
part:P-107,PART,스피커 덕트,ECO-010,chunk:ECO-010:000
part:P-108,PART,방열 플레이트,ECO-011,chunk:ECO-011:000
part:P-109,PART,센서 홀더,ECO-012,chunk:ECO-012:000
reason:ECO-001,CHANGE_REASON,체결부 균열 예방,ECO-001,chunk:ECO-001:000
reason:ECO-002,CHANGE_REASON,조립 공차 개선,ECO-002,chunk:ECO-002:000
reason:ECO-003,CHANGE_REASON,표면 찍힘 감소,ECO-003,chunk:ECO-003:000
reason:ECO-004,CHANGE_REASON,마찰 소음 저감,ECO-004,chunk:ECO-004:000
reason:ECO-005,CHANGE_REASON,낙하 강도 개선,ECO-005,chunk:ECO-005:000
reason:ECO-006,CHANGE_REASON,클릭감 편차 감소,ECO-006,chunk:ECO-006:000
reason:ECO-007,CHANGE_REASON,삽입 불량 예방,ECO-007,chunk:ECO-007:000
reason:ECO-008,CHANGE_REASON,진동 내구 개선,ECO-008,chunk:ECO-008:000
reason:ECO-009,CHANGE_REASON,조립 간섭 제거,ECO-009,chunk:ECO-009:000
reason:ECO-010,CHANGE_REASON,누설 편차 개선,ECO-010,chunk:ECO-010:000
reason:ECO-011,CHANGE_REASON,열 집중 완화,ECO-011,chunk:ECO-011:000
reason:ECO-012,CHANGE_REASON,검사 오차 감소,ECO-012,chunk:ECO-012:000
